filename,dataset,category,true_cancer,pred_cancer,prob,peripheral_ratio,suspected_shortcut,saved_plot
BTXRD_IMG000030.png,BTXRD,TP,1,1,0.99365234375,0.08459594552395067,False,BTXRD_TP_BTXRD_IMG000030.png
BTXRD_IMG000216.png,BTXRD,TP,1,1,0.99951171875,0.022145923439359682,False,BTXRD_TP_BTXRD_IMG000216.png
BTXRD_IMG000152.png,BTXRD,TP,1,1,0.99853515625,0.4405487072687273,False,BTXRD_TP_BTXRD_IMG000152.png
BTXRD_IMG000054.png,BTXRD,TP,1,1,1.0,0.07294592416437996,False,BTXRD_TP_BTXRD_IMG000054.png
BTXRD_IMG000336.png,BTXRD,TN,0,0,0.00021564960479736328,0.21221171454684362,False,BTXRD_TN_BTXRD_IMG000336.png
BTXRD_IMG002116.png,BTXRD,TN,0,0,0.00020503997802734375,0.07103595363384581,False,BTXRD_TN_BTXRD_IMG002116.png
BTXRD_IMG001830.png,BTXRD,TN,0,0,1.7464160919189453e-05,0.20764081611653742,False,BTXRD_TN_BTXRD_IMG001830.png
BTXRD_IMG000835.png,BTXRD,TN,0,0,0.027374267578125,0.34308812221808693,False,BTXRD_TN_BTXRD_IMG000835.png
BTXRD_IMG001216.png,BTXRD,FP,0,1,0.98974609375,0.02746525994733547,False,BTXRD_FP_BTXRD_IMG001216.png
BTXRD_IMG001815.png,BTXRD,FP,0,1,0.9638671875,0.0021659938958241073,False,BTXRD_FP_BTXRD_IMG001815.png
BTXRD_IMG000631.png,BTXRD,FP,0,1,0.6328125,0.09595858884459596,False,BTXRD_FP_BTXRD_IMG000631.png
BTXRD_IMG003723.png,BTXRD,FP,0,1,0.53466796875,0.37928939257522376,False,BTXRD_FP_BTXRD_IMG003723.png
BTXRD_IMG001390.png,BTXRD,FN,1,0,2.682209014892578e-05,0.04335965644065621,False,BTXRD_FN_BTXRD_IMG001390.png
BTXRD_IMG000223.png,BTXRD,FN,1,0,0.0082855224609375,0.4095621987596164,False,BTXRD_FN_BTXRD_IMG000223.png
BTXRD_IMG000001.png,BTXRD,FN,1,0,0.283203125,0.20791264093307707,False,BTXRD_FN_BTXRD_IMG000001.png
BTXRD_IMG000203.png,BTXRD,FN,1,0,0.152099609375,0.22854921112596235,False,BTXRD_FN_BTXRD_IMG000203.png
Dataset2_bone-cancer_valid_2_55_png.rf.ed10ed0d383c6fe4eee4cca8989f4f81.png,Dataset2,TP,1,1,1.0,0.14616616812244385,False,Dataset2_TP_Dataset2_bone-cancer_valid_2_55_png.rf.ed10ed0d383c6fe4eee4cca8989f4f81.png
Dataset2_fibula_ewing_15_png.rf.71e77baee2e7f476642fe5482433986f.png,Dataset2,TP,1,1,1.0,0.2971786518236434,False,Dataset2_TP_Dataset2_fibula_ewing_15_png.rf.71e77baee2e7f476642fe5482433986f.png
Dataset2_femur_osteosarcoma_7_PNG.rf.0a4d8e3c91d375da2207ebd054597b1c.png,Dataset2,TP,1,1,1.0,0.11090400284759634,False,Dataset2_TP_Dataset2_femur_osteosarcoma_7_PNG.rf.0a4d8e3c91d375da2207ebd054597b1c.png
Dataset2_bone-cancer_train_2_212_png.rf.d0e2c271b1270b4172312ef013b762f8.png,Dataset2,TP,1,1,1.0,0.29780591957494496,False,Dataset2_TP_Dataset2_bone-cancer_train_2_212_png.rf.d0e2c271b1270b4172312ef013b762f8.png
Dataset2_IMG0000778_jpg.rf.a156c846ddaf9d35910052cd87e9def2.png,Dataset2,TN,0,0,1.8417835235595703e-05,0.22525577329183377,False,Dataset2_TN_Dataset2_IMG0000778_jpg.rf.a156c846ddaf9d35910052cd87e9def2.png
Dataset2_IMG0000428_jpg.rf.f839f00d17c4dbd26e28061e94c53353.png,Dataset2,TN,0,0,1.2516975402832031e-05,0.17704083688386357,False,Dataset2_TN_Dataset2_IMG0000428_jpg.rf.f839f00d17c4dbd26e28061e94c53353.png
Dataset2_IMG0000592_jpg.rf.d6fac31e6ae1b82873570fa19387b655.png,Dataset2,TN,0,0,1.1920928955078125e-07,0.07475397962229438,False,Dataset2_TN_Dataset2_IMG0000592_jpg.rf.d6fac31e6ae1b82873570fa19387b655.png
Dataset2_IMG0000518_jpg.rf.5d1bcab9dea34dea0e43294f882ffce2.png,Dataset2,TN,0,0,6.896257400512695e-05,0.023243159203899473,False,Dataset2_TN_Dataset2_IMG0000518_jpg.rf.5d1bcab9dea34dea0e43294f882ffce2.png
Dataset2_femur_normal_3_PNG.rf.15a917785471a07d7a88abd8352f558b.png,Dataset2,FP,0,1,0.9677734375,0.3026082276264368,False,Dataset2_FP_Dataset2_femur_normal_3_PNG.rf.15a917785471a07d7a88abd8352f558b.png
Dataset2_hand_28_png.rf.8588534b2cd5faabbbf07cbff003e0fe.png,Dataset2,FP,0,1,0.90771484375,0.2512095341794084,False,Dataset2_FP_Dataset2_hand_28_png.rf.8588534b2cd5faabbbf07cbff003e0fe.png
Dataset2_femur_normal_3_PNG.rf.c28303dcd3a582535c845140fa78807a.png,Dataset2,FP,0,1,0.9677734375,0.3026082276264368,False,Dataset2_FP_Dataset2_femur_normal_3_PNG.rf.c28303dcd3a582535c845140fa78807a.png
Dataset2_Picture1_d-12-_jpg.rf.e5eeb6128d8ed23db6bd745e28314ea9.png,Dataset2,FP,0,1,0.61669921875,0.49093331140096946,True,Dataset2_FP_Dataset2_Picture1_d-12-_jpg.rf.e5eeb6128d8ed23db6bd745e28314ea9.png
Dataset2_femur_ewing_17_PNG.rf.1ba382ae3e8b5d1f529b90258da2802e.png,Dataset2,FN,1,0,0.438232421875,0.4233567828629258,False,Dataset2_FN_Dataset2_femur_ewing_17_PNG.rf.1ba382ae3e8b5d1f529b90258da2802e.png
Dataset2_pelvis_metastasis_1_png.rf.6865c2807cf85ff4b68d675654916b5c.png,Dataset2,FN,1,0,0.023895263671875,0.25753598981891035,False,Dataset2_FN_Dataset2_pelvis_metastasis_1_png.rf.6865c2807cf85ff4b68d675654916b5c.png
Dataset2_ped_4_png.rf.d64c4162d37e603ca04719180e5008b1.png,Dataset2,FN,1,0,0.1160888671875,0.5095752418345887,True,Dataset2_FN_Dataset2_ped_4_png.rf.d64c4162d37e603ca04719180e5008b1.png
Dataset2_bone-cancer_valid_2_54_png.rf.e271ade631401d88c6163bf8271d712b.png,Dataset2,FN,1,0,0.01580810546875,0.1791737894271099,False,Dataset2_FN_Dataset2_bone-cancer_valid_2_54_png.rf.e271ade631401d88c6163bf8271d712b.png
